team,team_id,strength
Aurora Gaming,9467224,0.107660
BoomBoys,8255888,0.174418
GamerLegion,9964962,-0.280766
HULIGANI,10149530,-0.293091
Iron Wing,10182357,-0.040833
LGD Gaming,10150538,-0.032797
Nigma Galaxy,10136357,0.007282
OG,2586976,-0.052437
Team Falcons,9247354,0.169036
Team Liquid,2163,0.045486
Team Resilience,5017210,-0.355931
Team Spirit,7119388,0.149298
Team Vision,9572001,0.389092
Team Yandex,9823272,0.330868
Vici Gaming,726228,-0.171210
Xtreme Gaming,8261500,-0.146074
