team,4-0,4-1,elim_win,elim_loss,1-4,0-4
Aurora Gaming,0.074180,0.152048,0.352880,0.294608,0.088988,0.037296
BoomBoys,0.081552,0.162328,0.360056,0.281848,0.081200,0.033016
GamerLegion,0.020240,0.053904,0.233464,0.364156,0.207952,0.120284
HULIGANI,0.019472,0.051944,0.228536,0.363584,0.211900,0.124564
Iron Wing,0.049032,0.111512,0.323704,0.334128,0.123948,0.057676
LGD Gaming,0.049024,0.109636,0.321776,0.335852,0.126476,0.057236
Nigma Galaxy,0.056908,0.123596,0.333748,0.323308,0.112448,0.049992
OG,0.046128,0.104836,0.316328,0.340392,0.130716,0.061600
Team Falcons,0.085224,0.165932,0.359640,0.278940,0.079128,0.031136
Team Liquid,0.060488,0.130684,0.338980,0.317032,0.106880,0.045936
Team Resilience,0.015580,0.042348,0.207764,0.359584,0.230228,0.144496
Team Spirit,0.086332,0.168508,0.358104,0.277416,0.078116,0.031524
Team Vision,0.159720,0.245672,0.353604,0.190660,0.037308,0.013036
Team Yandex,0.135244,0.223780,0.360592,0.216360,0.046800,0.017224
Vici Gaming,0.028676,0.072252,0.267928,0.364256,0.174980,0.091908
Xtreme Gaming,0.032200,0.081020,0.282896,0.357876,0.162932,0.083076
