team,predicted,observed,hit
BoomBoys,elim_win,4-1,0
HEROIC,elim_loss,elim_win,0
Natus Vincere,elim_loss,1-4,0
Nigma Galaxy,elim_loss,elim_win,0
TEAM VISION,4-1,elim_win,0
Team Falcons,4-1,elim_win,0
Team Liquid,elim_win,elim_loss,0
Team Nemesis,1-4,0-4,0
Team Spirit,4-0,elim_loss,0
Team Tidebound,elim_win,4-1,0
Wildcard,0-4,elim_loss,0
Xtreme Gaming,elim_win,4-0,0
Aurora Gaming,elim_loss,elim_loss,1
BOOM Esports,1-4,1-4,1
Tundra Esports,elim_win,elim_win,1
Yakult Brothers,elim_loss,elim_loss,1
